/home.html / 301

/favicon.ico /resources/images/fav/196x196.ico 301

# old departments
/business.html /departments/business 301
/careers.html /departments/careers 301
/ell.html /departments/ell 301
/fine_arts.html /departments/fine-arts 301
/home_ec.html /departments/home-ec 301
/english.html /departments/english 301
/language_arts.html /departments/language-arts 301
/mathematics.html /departments/math 301
/physical_ed.html /departments/physical-ed 301
/science.html /departments/science 301
/tech_ed.html /departments/tech-ed 301

# old specialized
/advanced_placement.html /specialized/advanced-placement 301
